{"cameraMode":{"drawMode":0,"name":"Shaded","section":"Shading Mode"},"sceneLighting":false,"audioPlay":false,"sceneViewState":{"showFog":true,"showMaterialUpdate":false,"showSkybox":true,"showFlares":true,"showImageEffects":true,"showParticleSystems":true},"in2DMode":false,"pivot":{"x":0.0,"y":0.012519240379333496,"z":0.6000000238418579},"rotation":{"x":-0.7130134701728821,"y":0.004642063286155462,"z":-0.004687407985329628,"w":-0.7011193037033081},"size":2.5885188579559328,"orthographic":false}