{"cameraMode":{"drawMode":0,"name":"Shaded","section":"Shading Mode"},"sceneLighting":false,"audioPlay":false,"sceneViewState":{"showFog":true,"showMaterialUpdate":false,"showSkybox":true,"showFlares":true,"showImageEffects":true,"showParticleSystems":true},"in2DMode":false,"pivot":{"x":0.0006894469261169434,"y":-0.004511967301368713,"z":0.0},"rotation":{"x":-0.7171992659568787,"y":0.0056601339019834999,"z":-0.005789818707853556,"w":-0.6968212127685547},"size":3.3829898834228517,"orthographic":false}